repro_id,best_compile_us,sol_us,gap_vs_sol,total_bytes_mb
pointwise_ce7169287d93,4.6,0.0,4377600.15,0.0
pointwise_a942dec89d15,4.9,0.0,2340799.91,0.0
pointwise_100a39b686e3,5.0,0.0,1193200.02,0.0
pointwise_e5d19e73a52c,4.9,0.0,1162800.01,0.0
pointwise_3320bac17d54,4.9,0.0,1155199.95,0.0
pointwise_36d7a6209c54,5.0,0.0,758783.97,0.0
pointwise_41aa929b1bf2,4.8,0.0,71250.0,0.0
pointwise_eaafbb6b8c5a,5.5,0.0,27075.0,0.0
amax_sum_sum_2a28fce37306,5.6,0.0,20189.31,0.0
amax_sum_sum_5829d7f5105f,5.4,0.0,19800.77,0.0
pointwise_bcfec253e455,4.9,0.0,12191.67,0.0
amax_sum_a215204c9264,5.0,0.0,9203.13,0.0
sum_sum_sum_e3016fe2bbb7,6.9,0.0,8462.86,0.0
sum_sum_8f7c059eb6a4,5.2,0.0,6474.81,0.0
sum_d7cc0afd5743,5.3,0.0,5041.36,0.0
pointwise_4e68825d6848,5.0,0.0,4660.94,0.0
sum_sum_8d73a4b5bade,5.2,0.0,3665.88,0.0
pointwise_4e4da02d582f,4.9,0.0,3657.5,0.0
sum_sum_8e96ea244bf1,5.1,0.0,3554.12,0.0
sum_7c50e5b80bfe,7.6,0.0,3499.71,0.0
pointwise_d54fca93c7e1,4.9,0.0,2271.09,0.0
pointwise_0eade0de46c0,4.9,0.0,2256.25,0.0
pointwise_9efa43391431,4.8,0.0,2226.56,0.0
pointwise_f9aca3f32296,5.2,0.0,1911.88,0.0
pointwise_69b13df5a532,5.3,0.0,1652.6,0.0
pointwise_ef7782270e46,5.2,0.0,1603.12,0.0
pointwise_052e3853c721,5.1,0.0,1172.66,0.0
pointwise_6d6e44c3eeb4,4.7,0.0,1091.02,0.0
amax_argmax_sum_5dfabd070411,9.2,0.0,1034.8,0.0
pointwise_4d236bfe44e3,5.0,0.0,1029.17,0.0
any_17b234fd7f4f,5.7,0.0,664.24,0.0
max_448f6b3c8f1d,5.7,0.0,660.39,0.0
pointwise_0ca24eb30c3f,5.5,0.0,642.62,0.0
pointwise_3b19d63866a7,5.5,0.0,633.33,0.0
sum_227d8bbf9311,5.1,0.0,593.75,0.0
pointwise_8aed5a56d560,5.1,0.0,586.33,0.0
pointwise_d9f9b7733ca3,5.0,0.0,582.62,0.0
pointwise_eba0147d8378,5.0,0.0,578.91,0.0
pointwise_b869961e6b54,5.0,0.0,575.2,0.0
pointwise_c35315666858,4.9,0.0,567.77,0.0
pointwise_403020d93ad2,5.7,0.0,531.41,0.0
argmax_amax_sum_fd72c2ef2d40,9.0,0.0,522.19,0.1
amax_sum_sum_6be3e54433a2,7.9,0.0,450.55,0.1
amax_sum_sum_098a3fee06f9,6.8,0.0,391.64,0.1
pointwise_482b0c1952cd,5.7,0.0,317.71,0.1
pointwise_18d9dcca560a,5.0,0.0,291.31,0.1
pointwise_6c03626e988e,5.0,0.0,289.45,0.1
sum_27f326f22f76,9.1,0.0,261.37,0.1
pointwise_34dd8044bfe1,12.0,0.1,231.32,0.2
amax_sum_sum_1458251679be,8.0,0.0,230.5,0.1
pointwise_75795e2c97dd,5.7,0.0,220.18,0.1
pointwise_f26b1736413f,15.1,0.1,194.21,0.3
sum_df75f19c9c7a,9.0,0.1,178.54,0.2
sum_fa194db93388,6.0,0.0,172.81,0.1
pointwise_edfab1af9465,5.8,0.0,171.0,0.1
sum_a963d4e1fcf5,5.7,0.0,165.14,0.1
pointwise_5aafedcd8ca4,5.1,0.0,146.01,0.1
pointwise_7727cefe098e,7.5,0.1,129.2,0.2
pointwise_b43349159514,5.5,0.1,104.62,0.2
sum_sum_sum_72f8a586759c,11.0,0.1,102.02,0.4
pointwise_724b26e60185,5.5,0.1,85.65,0.2
var_mean_2ceed1dd2572,5.8,0.1,84.26,0.3
sum_sum_sum_6b7ff2251678,14.4,0.2,82.15,0.7
var_mean_35394af84f60,5.7,0.1,81.75,0.3
sum_sum_sum_dbc10f22635c,14.2,0.2,80.87,0.7
var_mean_e48f702d6f81,6.0,0.1,80.03,0.3
sum_sum_sum_8faedc560651,9.0,0.1,76.18,0.4
var_mean_a0eecc057fbc,7.8,0.1,73.68,0.4
var_mean_032354ac8a5f,7.8,0.1,73.43,0.4
var_mean_9ded65850d80,7.1,0.1,66.7,0.4
pointwise_f33e2464d32f,7.4,0.1,64.98,0.4
sum_dc057cf6da21,6.1,0.1,58.3,0.4
sum_f72e20801b8a,6.0,0.1,57.99,0.4
sum_39cf4835a913,6.0,0.1,57.69,0.4
var_mean_mean_34a86d931d28,5.8,0.1,55.7,0.4
pointwise_e1a420e661f1,5.8,0.1,55.66,0.4
sum_sum_12bf0466c00c,5.8,0.1,55.4,0.4
sum_sum_7c6679a3489a,5.8,0.1,55.09,0.4
var_mean_var_mean_dcad0ef87d63,5.8,0.1,54.83,0.4
pointwise_05d4844325ca,5.6,0.1,52.92,0.4
var_mean_var_mean_d850ee31d68b,5.9,0.1,51.53,0.4
var_mean_mean_2d18883a5e64,5.9,0.1,50.39,0.4
pointwise_be855b961be7,7.3,0.2,46.96,0.6
sum_22b5cd24890b,6.3,0.1,46.66,0.5
sum_e262d057f3c9,6.0,0.1,44.54,0.5
var_mean_c3179bad0f03,6.9,0.2,44.03,0.6
sum_a630880e528a,9.2,0.2,43.68,0.8
var_mean_d10ed8104f03,6.8,0.2,43.4,0.6
pointwise_d66b13ff6ca0,7.6,0.2,41.76,0.7
pointwise_246850b7c198,5.8,0.1,41.33,0.5
var_mean_any_e86b9ea56684,16.8,0.4,40.43,1.6
sum_5e60905fccb8,7.0,0.2,33.88,0.8
sum_962f7dc019a9,7.0,0.2,33.58,0.8
sum_706f1191d1db,6.9,0.2,33.42,0.8
sum_ca52eb919072,6.8,0.2,32.65,0.8
sum_sum_sum_9e60972dd685,123.9,3.9,31.95,14.7
sum_acbec27412d2,6.1,0.2,29.42,0.8
sum_2b63837952dc,6.0,0.2,28.8,0.8
var_mean_0be1fe6c2ec4,6.0,0.2,28.69,0.8
var_mean_15b838f5d029,5.9,0.2,28.38,0.8
var_mean_4ff28d120f6f,6.0,0.2,28.25,0.8
var_mean_24e1d446bfed,5.9,0.2,28.23,0.8
pointwise_d88c39614b6c,5.9,0.2,28.19,0.8
pointwise_3abc926270f6,5.8,0.2,28.14,0.8
var_mean_d61c9475e968,5.9,0.2,28.08,0.8
var_mean_1b88cfe94b3c,5.8,0.2,27.91,0.8
pointwise_5b4d8d4d06aa,5.8,0.2,27.72,0.8
sum_sum_06ebd69de9aa,6.3,0.3,23.33,1.0
sum_sum_a7f863c76602,6.2,0.3,22.86,1.0
var_mean_mean_626fb0807512,9.2,0.4,21.73,1.6
sum_sum_sum_766837223ded,9.0,0.4,21.62,1.6
sum_sum_sum_d414d9a2b2eb,9.0,0.4,21.62,1.6
pointwise_77c5ae8ad1b9,5.7,0.3,20.49,1.1
pointwise_8f5229eda25a,5.6,0.3,20.16,1.0
pointwise_4ebc1e147929,5.9,0.3,19.07,1.2
pointwise_7517fa77d424,5.9,0.3,18.97,1.2
sum_c89cd4b0ece6,5.9,0.3,18.92,1.2
pointwise_6b84ffe7cd3b,12.2,0.7,17.72,2.6
pointwise_d47c7d477bf3,5.9,0.3,17.16,1.3
var_mean_9f9f7f8de566,6.9,0.4,16.67,1.6
pointwise_7a4083b7e3d1,6.9,0.4,16.27,1.6
mean_453dc6e89dd9,6.7,0.4,15.92,1.6
pointwise_3cfc4c59af74,6.8,0.4,15.88,1.6
pointwise_7314654d3afc,5.9,0.4,14.65,1.5
sum_sum_sum_80113e346555,14.0,1.0,14.31,3.7
pointwise_d76b39ac2742,5.9,0.4,14.15,1.6
pointwise_4ea78562087d,5.7,0.4,13.44,1.6
var_mean_0990c69ae9bb,7.9,0.6,12.68,2.4
var_mean_a4b0facb2977,7.8,0.6,12.53,2.4
pointwise_a2382a85ee99,83.7,6.8,12.25,26.0
amax_sum_351ca37dddb9,6.9,0.6,12.2,2.2
sum_sum_sum_ecba845b8a4b,13.1,1.1,11.84,4.2
pointwise_c6795cc8ece2,14.1,1.2,11.39,4.7
var_mean_ef88cc4744f1,7.0,0.6,11.2,2.4
var_mean_c4eed3e5da72,7.0,0.6,11.18,2.4
var_mean_1fad4754680a,6.9,0.6,11.07,2.4
pointwise_f1d4acfe63b0,7.6,0.7,11.04,2.6
var_mean_bf21b62ff8f8,6.3,0.6,10.14,2.4
var_mean_d22940b03b5c,6.3,0.6,10.14,2.4
pointwise_edf2e0dc44ea,6.9,0.7,10.06,2.6
var_mean_3711a161734e,6.2,0.6,9.99,2.4
var_mean_d8fae237d769,6.2,0.6,9.93,2.4
pointwise_eb5253649308,5.4,0.6,9.82,2.1
pointwise_0decf4e7ecd3,6.0,0.6,9.74,2.4
pointwise_7c7235fc35c3,6.0,0.6,9.69,2.4
pointwise_b9ed7956ee59,5.9,0.6,9.54,2.4
sum_sum_sum_4c5c1859352a,13.2,1.4,9.52,5.3
pointwise_6d6d27100ad9,6.9,0.7,9.49,2.8
pointwise_f5d9e703009c,5.9,0.6,9.48,2.4
pointwise_37c9e37865c1,7.8,0.8,9.46,3.1
sum_bf45c3d8f79e,9.8,1.0,9.45,3.9
sum_ea0933cb9497,9.8,1.0,9.42,3.9
pointwise_2596a9303ec6,14.1,1.6,9.11,5.9
pointwise_bd6cd7133361,14.1,1.6,9.07,5.9
pointwise_6b333f661800,2.8,0.3,8.97,1.2
sum_6080543764bd,10.0,1.1,8.95,4.3
pointwise_75503c474ccc,29.6,3.3,8.93,12.6
pointwise_531d72f1b34a,501.6,56.3,8.92,213.8
sum_08d094f67bb4,7.8,0.9,8.67,3.4
pointwise_49ac8c44e9b1,6.0,0.7,8.63,2.6
sum_sum_sum_e4f9a61a4b53,13.8,1.7,8.28,6.3
var_mean_c408b9eb8855,10.2,1.2,8.23,4.7
var_mean_mean_188f42114f68,10.1,1.3,8.08,4.8
sum_sum_sum_728df9734dbe,13.2,1.7,7.9,6.4
var_mean_48d3414b7305,11.1,1.4,7.64,5.5
var_mean_12542e903d57,11.0,1.4,7.62,5.5
sum_sum_3219a09ab96a,411.6,54.3,7.58,206.3
pointwise_1383c536f620,18.3,2.4,7.54,9.2
var_mean_0dc1c0150d30,18.4,2.5,7.41,9.4
pointwise_1d416376ef2f,12.3,1.7,7.4,6.3
pointwise_e129f028e0b8,6.1,0.8,7.34,3.1
pointwise_f9f5fb61c369,6.1,0.8,7.34,3.1
pointwise_a5ce2f1040ee,16.1,2.2,7.25,8.4
sum_sum_3c5efeeb4188,9.1,1.3,7.24,4.8
sum_30185a37715e,9.8,1.4,7.11,5.2
pointwise_a12dc8b8a059,15.6,2.2,7.06,8.4
amax_sum_7e55413cb344,139.5,20.0,6.96,76.2
pointwise_b8e2463e8d92,14.0,2.0,6.95,7.6
sum_c181ecbfc1ec,9.6,1.4,6.93,5.2
pointwise_c5d1c9bcad0e,5.7,0.8,6.92,3.1
sum_sum_sum_04ff2f31b226,19.2,2.8,6.79,10.8
pointwise_c0e132c66e3b,23.5,3.5,6.73,13.3
any_mean_33b10ff8a837,11.1,1.7,6.72,6.3
any_mean_fde44ec669a9,11.1,1.7,6.72,6.3
any_mean_6b05ef27be02,11.1,1.7,6.69,6.3
sum_60071d2e71f2,11.1,1.7,6.69,6.3
pointwise_9478357f37a0,12.0,1.8,6.68,6.8
pointwise_976768b988b8,23.5,3.5,6.64,13.4
any_mean_38ea597e5c87,11.0,1.7,6.63,6.3
pointwise_d619d8716902,15.4,2.3,6.63,8.8
var_mean_mean_fd0f75820e35,14.3,2.2,6.6,8.2
sum_sum_sum_6a2ad206248c,119.7,18.3,6.53,69.7
var_mean_9d1c4396c2c8,7.3,1.1,6.53,4.2
pointwise_556aac88a856,13.7,2.1,6.49,8.0
var_mean_23f0e798b604,12.1,1.9,6.49,7.1
var_mean_b6092fb107d0,7.7,1.2,6.49,4.5
mean_d3f53feea982,11.1,1.7,6.45,6.6
var_mean_2aeefcdb8c7b,12.0,1.9,6.44,7.1
pointwise_406123b029db,6.1,0.9,6.41,3.6
var_mean_810878ea0ac7,7.6,1.2,6.41,4.5
var_mean_045455ff6e84,7.1,1.1,6.38,4.2
var_mean_7cebda5b34ee,7.0,1.1,6.36,4.2
pointwise_7e9403871aac,12.0,1.9,6.32,7.2
var_mean_d61716dfd9dd,7.0,1.1,6.32,4.2
mean_3bee65342664,7.0,1.1,6.31,4.2
mean_f859bb8c0f42,13.5,2.2,6.26,8.2
pointwise_9267d93b08b3,6.9,1.1,6.26,4.2
pointwise_b51064ab890f,6.9,1.1,6.26,4.2
mean_5ccd045f4193,10.1,1.6,6.23,6.1
mean_c324cfc06a94,12.1,1.9,6.23,7.4
sum_12b455c3b1b0,25.6,4.1,6.18,15.7
var_mean_327c3b97bf10,6.8,1.1,6.17,4.2
sum_sum_sum_cd47d7ca4703,151.4,24.9,6.08,94.6
mean_7b48b0105aea,11.4,1.9,6.01,7.2
amax_sum_9940b361e5b4,265.1,44.7,5.93,169.9
pointwise_a14dcfc06344,353.1,59.8,5.9,227.3
mean_9c0fd9fb28b1,6.6,1.1,5.88,4.3
sum_bc4a942a8c4f,141.1,24.1,5.86,91.5
pointwise_ef9ca88fea46,7.2,1.2,5.82,4.7
mean_fb3bbfd51007,6.4,1.1,5.8,4.2
pointwise_2cb944a69993,9.6,1.7,5.8,6.3
pointwise_d6f684372ab8,6.3,1.1,5.74,4.2
var_mean_d3e9f404842a,21.4,3.7,5.72,14.2
sum_9fb0f8852874,7.9,1.4,5.71,5.3
var_mean_a5d43c43648a,14.6,2.6,5.64,9.8
pointwise_13bd7be3bbab,18.5,3.3,5.6,12.6
var_mean_e3c259686c7b,20.6,3.7,5.51,14.2
sum_7ee057acd9bc,446.3,81.4,5.48,309.5
var_mean_2743dc883057,20.4,3.7,5.45,14.2
amax_sum_67d7c2666a5c,215.1,39.7,5.41,151.0
pointwise_dd7f99ce5ccb,6.0,1.1,5.38,4.2
var_mean_280a583d97c6,8.9,1.7,5.37,6.3
var_mean_var_mean_6d7a29cb97f1,442.1,84.5,5.23,321.1
var_mean_41a46a395e3a,21.3,4.1,5.15,15.7
pointwise_083e5f8c7cdc,17.5,3.4,5.13,13.0
pointwise_55a3cc897c83,90.0,17.7,5.09,67.2
pointwise_604e62335f7c,8.0,1.6,5.05,6.0
pointwise_2cb3b25427b0,11.1,2.2,5.03,8.4
pointwise_acbdd607c506,11.1,2.2,5.03,8.4
pointwise_22e33c17817c,6.9,1.4,4.99,5.2
pointwise_1cedd96f5faf,6.8,1.4,4.94,5.2
var_mean_36eed06607f1,24.6,5.0,4.94,18.9
var_mean_2f7685c1567b,30.5,6.2,4.91,23.6
pointwise_c7ec34b2837b,6.8,1.4,4.89,5.2
sum_8a66186d1ffe,148.4,30.4,4.88,115.6
var_mean_19d5741628ce,20.2,4.1,4.86,15.8
pointwise_072bc7c9b68c,6.6,1.4,4.8,5.2
any_mean_417d9efb98a0,11.9,2.5,4.78,9.4
pointwise_03cf69441b22,42.0,9.0,4.66,34.2
pointwise_e63526b438e7,7.7,1.7,4.64,6.3
var_mean_bb7b5fefc1d5,22.5,4.9,4.62,18.5
pointwise_f9c1d1b08ddb,311.2,67.8,4.59,257.6
var_mean_598830735cf6,162.8,35.5,4.59,134.9
pointwise_437415a3398d,169.8,37.2,4.57,141.3
sum_14fe7b321763,275.5,60.8,4.53,231.2
pointwise_5d7c3bd1f499,9.9,2.2,4.48,8.4
sum_sum_sum_26d1711c064d,152.7,34.2,4.47,129.8
pointwise_c2dc9d900d36,11.0,2.5,4.43,9.4
pointwise_e4cfa8694326,54.1,12.3,4.42,46.6
pointwise_2eae25328292,54.0,12.3,4.41,46.6
var_mean_mean_08131211a12e,15.2,3.5,4.4,13.1
pointwise_f2df04089ff4,81.7,18.6,4.39,70.6
pointwise_6d842b54b40d,256.8,59.8,4.29,227.3
mean_7639bfb9be38,16.0,3.7,4.27,14.2
pointwise_72ba9dfd2891,16.2,3.8,4.26,14.5
pointwise_1ca80bdfba30,7.1,1.7,4.25,6.4
sum_sum_e9338369070e,107.6,25.4,4.24,96.3
sum_sum_sum_17d1ea77dce0,251.8,59.7,4.22,227.0
pointwise_9edaf9e5b4c4,6.9,1.7,4.19,6.3
var_mean_3eaa1c7a7442,6.9,1.7,4.17,6.3
var_mean_edac0b24cfa0,6.9,1.7,4.17,6.3
mean_2ee5edb89c2f,6.9,1.7,4.15,6.3
mean_ddf2440c0a00,17.9,4.3,4.14,16.4
var_mean_d158ce08e24a,20.5,5.0,4.12,18.9
pointwise_a5d52cc24f84,6.8,1.7,4.09,6.3
amax_sum_5f0c26b7e967,144.3,35.3,4.08,134.2
var_mean_mean_e5a5cf78a7cf,22.9,5.6,4.08,21.3
sum_sum_sum_8ffe5090cf87,37.7,9.3,4.06,35.2
pointwise_644fbe16a3f2,8.9,2.2,4.03,8.4
mean_mean_1b98d81214e6,26.5,6.6,3.99,25.2
mean_mean_50d3de630629,30.8,7.7,3.98,29.4
sum_sum_0653152b5266,29.7,7.5,3.98,28.3
var_mean_1c7b809d512d,10.1,2.6,3.95,9.7
mean_c14e4442750c,6.5,1.7,3.94,6.3
pointwise_073278de7552,10.0,2.6,3.94,9.7
pointwise_d9e050ab21ca,7.6,1.9,3.94,7.4
sum_sum_sum_4fdc0c9d691f,20.1,5.1,3.92,19.4
pointwise_57287c224f10,19.8,5.1,3.91,19.3
pointwise_79b3932ba286,8.1,2.1,3.91,7.9
var_mean_f8560e5925aa,18.0,4.7,3.88,17.7
var_mean_4581dbce69e5,17.1,4.4,3.85,16.9
pointwise_9947dfa4af2d,7.8,2.1,3.79,7.9
sum_7953a8b0bbba,12.2,3.2,3.78,12.3
var_mean_bff30f530d6e,16.0,4.2,3.78,16.1
var_mean_de5dfb8583e7,7.0,1.9,3.78,7.1
var_mean_9c26314b1282,7.0,1.9,3.77,7.1
var_mean_1f499ddad801,19.4,5.2,3.76,19.6
pointwise_fe3b8dac57c4,7.8,2.1,3.74,7.9
var_mean_c0993161a0af,15.7,4.2,3.72,16.1
var_mean_6084e124876c,18.3,5.0,3.69,18.9
sum_d657e5a1c5df,13.1,3.6,3.66,13.6
var_mean_mean_8d6fc761298a,31.6,8.6,3.66,32.8
pointwise_96ec527020cd,26.2,7.2,3.65,27.3
sum_cb19b2c26400,12.1,3.3,3.64,12.6
amax_sum_sum_031b4da8fbb0,13.9,3.8,3.63,14.5
pointwise_557274333bb2,15.2,4.2,3.59,16.1
sum_4de5b759d4d1,14.0,3.9,3.58,14.8
var_mean_e92ed08dee3a,23.5,6.7,3.52,25.3
var_mean_var_mean_mean_93065d5c677b,26.2,7.5,3.5,28.5
sum_sum_f669fb74a93c,15.4,4.4,3.49,16.8
var_mean_e44de9a60b6b,24.5,7.0,3.48,26.8
mean_5c93e9826aa8,62.1,17.9,3.46,68.2
pointwise_6a5649feb1f2,26.4,7.6,3.46,28.9
sum_sum_67d7103962e7,140.2,40.6,3.46,154.1
var_mean_var_mean_73e1a842318f,43.9,12.7,3.46,48.2
sum_sum_9c8d365c6ff7,11.4,3.3,3.45,12.6
pointwise_1c65af29b270,7.1,2.1,3.43,7.9
var_mean_mean_e8eb2875e359,19.3,5.6,3.43,21.3
mean_d0fc206717a8,61.2,17.9,3.41,68.2
mean_148ad2fc17ca,29.3,8.6,3.4,32.8
mean_90c4736187a1,11.5,3.4,3.36,13.0
sum_096e9f1570b5,11.2,3.3,3.34,12.7
mean_b22538109e2c,25.5,7.7,3.33,29.1
sum_5a4992885bd6,188.2,56.5,3.33,214.6
pointwise_226a109e3e14,9.1,2.8,3.3,10.5
var_mean_d30f3928376b,9.1,2.8,3.3,10.5
var_mean_var_mean_var_mean_9267280d8024,59.3,17.9,3.3,68.2
sum_mean_6ea3cb4a159b,11.2,3.4,3.29,12.9
var_mean_0a0eec8ae477,28.7,8.7,3.29,33.1
var_mean_var_mean_var_mean_0407b3e7c77f,196.5,59.8,3.28,227.3
var_mean_94d545103c46,7.2,2.2,3.26,8.4
var_mean_var_mean_var_mean_97062ec87370,58.6,17.9,3.26,68.2
pointwise_3bd84c5c45de,20.6,6.3,3.25,24.1
var_mean_3dd5772aac72,7.1,2.2,3.21,8.4
var_mean_8f9c444fb5ff,7.1,2.2,3.21,8.4
var_mean_91cae54437d5,7.1,2.2,3.21,8.4
mean_01c500735869,7.1,2.2,3.2,8.4
var_mean_b1feb9d09685,7.1,2.2,3.2,8.4
var_mean_mean_25b1bb0b8d63,27.6,8.6,3.2,32.8
var_mean_de1f9ecb99e2,7.1,2.2,3.19,8.4
pointwise_88361ec33b7f,6.8,2.2,3.13,8.2
pointwise_c9ccde11c148,6.9,2.2,3.13,8.4
pointwise_fc46ae4ec316,11.8,3.8,3.11,14.5
var_mean_mean_61303c3fa6f4,24.0,7.8,3.09,29.5
mean_e3d4b04ad056,20.4,6.6,3.08,25.2
any_amax_sum_2da4fabb8348,20.2,6.6,3.05,25.2
var_mean_var_mean_40a0055bb26e,74.7,24.5,3.05,93.1
amax_sum_93cb2fd0355b,216.7,71.5,3.03,271.9
pointwise_750904e8518d,7.9,2.6,3.02,10.0
var_mean_bbc2387d0095,9.6,3.2,3.02,12.0
var_mean_mean_1e867cdb78f5,77.6,25.9,3.0,98.3
var_mean_3ea42611b4f0,10.0,3.4,2.94,12.8
mean_d5a027fb314b,19.4,6.6,2.92,25.2
sum_sum_sum_9fe928f49216,232.3,79.6,2.92,302.5
sum_sum_sum_a970af617f4c,232.4,79.6,2.92,302.5
pointwise_a4e42370cdb9,102.1,35.3,2.89,134.3
var_mean_e603cd44b9cd,11.6,4.0,2.89,15.3
var_mean_b7d516740b38,9.1,3.2,2.88,12.0
var_mean_mean_4b1dcaa1d7e1,24.7,8.6,2.87,32.8
pointwise_849c8a7e937a,9.1,3.2,2.86,12.0
sum_sum_sum_87fd4ec7f051,468.1,163.9,2.86,623.0
sum_sum_sum_8fe65349c733,665.5,233.2,2.85,886.3
mean_f7170c220032,73.5,25.9,2.84,98.3
pointwise_1c5b4956323d,6.3,2.2,2.84,8.4
sum_sum_sum_c1b0c5dbde1f,167.5,59.2,2.83,224.8
var_mean_b0e2cade591e,39.8,14.1,2.83,53.5
mean_cf12f53df7dd,18.2,6.5,2.82,24.6
var_mean_mean_0593cda589d5,51.0,18.1,2.82,68.8
amax_sum_4bd27b112605,99.2,35.3,2.81,134.2
pointwise_f564ff7f54c2,35.5,12.7,2.8,48.2
sum_sum_aac6620b978d,15.5,5.5,2.8,21.0
var_mean_mean_3a508adb31ac,24.2,8.6,2.8,32.8
var_mean_var_mean_var_mean_850152d806da,98.1,35.3,2.78,134.3
mean_7874ce26c7f3,17.9,6.5,2.77,24.6
pointwise_b556697c6ec2,11.4,4.1,2.75,15.7
pointwise_c8cb51f30736,6.0,2.2,2.75,8.3
sum_sum_sum_335722fb8da6,15.3,5.6,2.73,21.3
var_mean_25898f81ca4d,16.9,6.2,2.72,23.6
pointwise_59d71b256016,10.1,3.7,2.71,14.2
pointwise_f2b2f0c4db0c,13.7,5.1,2.7,19.3
pointwise_388aef7dede1,11.1,4.1,2.69,15.7
pointwise_fd00f02aa65f,6.1,2.3,2.68,8.7
pointwise_c14f03aac63b,11.8,4.4,2.67,16.8
var_mean_7e167c86e389,44.1,16.6,2.66,62.9
var_mean_mean_254b25297850,36.3,13.7,2.66,51.9
var_mean_mean_2ac1c2eb8544,36.4,13.7,2.66,51.9
pointwise_afc4ddb6d0ba,46.8,17.7,2.65,67.2
sum_sum_sum_d138e6df4d0c,180.2,68.0,2.65,258.5
var_mean_170cb6646cc0,47.9,18.2,2.63,69.3
pointwise_c04d168ffc54,11.6,4.4,2.62,16.8
var_mean_a88cd01397d1,36.9,14.1,2.62,53.6
var_mean_b95d34ef7580,16.3,6.2,2.62,23.6
var_mean_c057f7372279,16.3,6.2,2.62,23.6
pointwise_e33f44c6dd73,265.2,101.7,2.61,386.3
sum_sum_d73ef74614dc,455.7,174.8,2.61,664.3
sum_sum_sum_ed6c74b5ef96,533.5,204.2,2.61,775.8
var_mean_fb5b7bc4d7e5,13.0,5.0,2.61,18.9
var_mean_mean_0805988a80e9,45.0,17.3,2.61,65.6
mean_a83e003db20c,20.2,7.8,2.6,29.5
sum_sum_876992e24e09,17.2,6.6,2.6,25.2
var_mean_83eed019e52b,7.2,2.8,2.6,10.5
var_mean_c28c8bc99940,9.9,3.8,2.6,14.5
pointwise_f0dd9248187e,10.9,4.2,2.59,16.1
mean_27e29b31cd8d,22.3,8.6,2.58,32.8
var_mean_6d9f14e83fbb,69.5,26.9,2.58,102.4
mean_var_5f74618c3485,102.0,39.7,2.57,151.0
sum_sum_2847f46e0c5a,178.0,69.3,2.57,263.3
var_mean_3f319cc01bd1,21.2,8.3,2.57,31.5
var_mean_67e607b197fd,16.0,6.2,2.57,23.6
var_mean_mean_358f7ae19b62,22.2,8.6,2.57,32.8
sum_sum_sum_e58ca1d0ccf4,175.2,68.5,2.56,260.1
pointwise_e91604cda8db,6.3,2.5,2.54,9.4
var_mean_sum_mean_c177cfce7234,17.2,6.8,2.54,25.8
sum_sum_sum_92327e661e73,90.0,35.6,2.53,135.3
var_mean_e53e1ab6f33f,9.1,3.6,2.53,13.7
mean_67e840f5877f,14.1,5.6,2.52,21.3
pointwise_bc30b7a4c3fd,25.5,10.2,2.5,38.7
sum_sum_ced249279c9d,391.0,156.5,2.5,594.7
sum_sum_17a11b547fed,230.6,92.7,2.49,352.4
sum_sum_sum_718a025684ba,105.3,42.3,2.49,160.6
sum_sum_sum_22bc9d6a43f1,151.5,61.2,2.48,232.4
var_mean_9b424e0dd1da,20.5,8.3,2.48,31.5
var_mean_21efaf61742a,133.0,53.8,2.47,204.3
mean_feaf8e3a5f0b,32.6,13.2,2.46,50.3
sum_sum_694ed6c91379,16.3,6.6,2.46,25.2
var_mean_5b0c15caa439,44.9,18.2,2.46,69.2
mean_d87780a73e70,32.5,13.2,2.45,50.3
sum_sum_sum_dc96c4651516,530.5,216.8,2.45,823.7
var_mean_5989a301601b,20.3,8.3,2.45,31.5
var_mean_f58b743b2264,12.2,5.0,2.45,18.9
var_mean_mean_ebf25f51023b,31.6,12.9,2.45,49.2
var_mean_mean_6b2793eaa579,31.6,12.9,2.44,49.2
pointwise_886d1802a767,56.4,23.2,2.43,88.1
sum_38c955b52137,8.0,3.3,2.42,12.6
var_mean_2f98fd23fbea,20.4,8.5,2.42,32.1
var_mean_5fa359332f2e,12.0,5.0,2.42,18.9
var_mean_912a9c5978b4,12.0,5.0,2.42,18.9
var_mean_mean_7a446f7d0ed8,61.3,25.4,2.42,96.5
var_mean_2ad1aa26eb79,12.0,5.0,2.41,18.9
var_mean_42b3beb8ea30,12.0,5.0,2.41,18.9
var_mean_640a50e812af,12.0,5.0,2.41,18.9
var_mean_mean_1310120283dc,62.3,25.9,2.41,98.3
sum_sum_sum_6107a2f54029,521.3,216.8,2.4,823.7
var_mean_9af0513b0d3e,11.9,5.0,2.4,18.9
var_mean_e5cd7a30f952,11.9,5.0,2.4,18.9
pointwise_1c92ebb90ca9,7.9,3.3,2.39,12.6
pointwise_5a066f66776e,13.2,5.5,2.39,21.0
pointwise_ffe1ef7f99e0,10.1,4.2,2.39,16.1
var_mean_cf1ffb1a79d8,20.2,8.5,2.39,32.1
var_mean_e4d2655a5279,20.2,8.5,2.39,32.1
pointwise_b7a851a9ac93,31.6,13.2,2.38,50.3
var_mean_mean_3480e8831bac,32.5,13.7,2.38,51.9
var_mean_mean_f6d34778b88d,32.5,13.7,2.38,51.9
var_mean_68f956ca0908,13.1,5.5,2.37,21.0
pointwise_08c0fb1a5e37,7.8,3.3,2.36,12.6
pointwise_0dbfa02ebb68,38.2,16.2,2.36,61.5
sum_sum_3c44d89daf3a,120.7,51.2,2.36,194.7
sum_sum_c775e4f2e227,24.2,10.2,2.36,38.9
mean_eccc5dff9f55,46.6,19.9,2.35,75.5
mean_mean_6cb471f41ecf,41.6,17.7,2.35,67.2
pointwise_9903e70019c2,11.2,4.8,2.35,18.1
sum_sum_145a8857ebf2,651.2,277.2,2.35,1053.3
pointwise_978fc4b401d5,7.7,3.3,2.34,12.6
sum_sum_sum_612b509be4a7,222.3,94.8,2.34,360.3
amax_sum_0ee54b388f56,9.1,3.9,2.33,14.8
amax_sum_211823fef3b3,9.1,3.9,2.33,14.8
amax_sum_sum_9e768dff4978,380.9,163.8,2.33,622.3
mean_e9b5d856a37d,46.0,19.9,2.32,75.5
pointwise_5d1974eef120,7.7,3.3,2.32,12.6
pointwise_869474330b72,7.7,3.3,2.32,12.6
var_mean_c07ce112a2ac,38.5,16.6,2.32,62.9
pointwise_e26de0a669ae,372.5,162.1,2.3,616.0
sum_mean_39228c93d6a4,77.6,33.8,2.3,128.5
sum_sum_sum_cad09d5cca79,434.0,190.5,2.28,724.0
sum_sum_sum_ffedd26b0c42,23.4,10.2,2.28,38.9
var_mean_550595226896,37.7,16.6,2.27,63.1
sum_sum_sum_758c2b3673ba,244.8,108.3,2.26,411.4
sum_sum_sum_a3f8e893e349,278.3,122.9,2.26,467.1
var_mean_89031f55973e,68.3,30.3,2.26,115.0
mean_ee17938d7aff,7.5,3.3,2.25,12.6
sum_sum_sum_37ed72cc58f3,242.8,108.3,2.24,411.4
mean_8b70c08405c1,7.4,3.3,2.23,12.6
pointwise_f48fe6a2319f,7.4,3.3,2.22,12.6
var_mean_mean_e2206aa32217,112.6,50.8,2.22,192.9
var_mean_c1b4aa89f4d6,59.5,27.0,2.21,102.5
mean_d967249a87fe,12.3,5.6,2.2,21.3
mean_mean_fbdbd1645f6a,58.3,26.5,2.2,100.8
var_mean_bdb10d34fe50,16.0,7.3,2.2,27.6
mean_var_e46ebb5a28fe,58.3,26.7,2.19,101.3
var_mean_var_mean_aabd7680d8e0,22.3,10.2,2.19,38.7
sum_sum_sum_5f0c557e2169,22.3,10.2,2.17,38.9
var_mean_4e03c7a2956d,95.1,43.9,2.17,166.9
pointwise_43877c71f0eb,8.1,3.7,2.16,14.2
sum_sum_e036cf2d1ccb,16.7,7.7,2.16,29.4
var_mean_55b78000aab0,7.2,3.3,2.16,12.6
var_mean_fa8932a4b21f,15.7,7.3,2.16,27.6
pointwise_f3fcc01a1b31,28.4,13.2,2.15,50.3
mean_d5150760404d,7.1,3.3,2.14,12.6
amax_sum_35490be2986b,88.2,41.4,2.13,157.4
sum_sum_sum_f48adec0ff36,272.3,127.9,2.13,486.0
var_mean_var_mean_var_mean_850dfa63ec81,85.8,40.6,2.12,154.2
sum_sum_sum_3cd8c07ebace,429.9,204.2,2.11,775.8
var_mean_d6e662ef37f6,14.0,6.6,2.11,25.2
mean_mean_fac851fa5f98,16.4,7.8,2.1,29.6
mean_a38f924d6248,17.9,8.6,2.08,32.8
sum_sum_sum_56ca14eaee84,166.0,80.0,2.08,303.8
sum_sum_sum_a190850c7f80,266.1,127.9,2.08,486.0
var_mean_034578d167c5,15.2,7.3,2.08,27.6
var_mean_var_mean_mean_b49a8ed53342,38.9,18.8,2.07,71.4
mean_1b78c675fe8a,13.7,6.6,2.06,25.2
pointwise_49473bb3f273,6.8,3.3,2.06,12.6
var_mean_var_mean_mean_e12f05530897,38.8,18.8,2.06,71.4
var_mean_58cdb69fc823,18.5,9.0,2.05,34.4
var_mean_6f5e73770101,105.5,51.3,2.05,195.1
mean_587989b55df0,13.9,6.8,2.04,26.0
var_mean_cf2474e318ae,106.4,52.5,2.02,199.7
sum_sum_d550f2d61c6c,325.5,162.3,2.01,616.6
sum_sum_sum_4d7a27f102ca,664.6,331.3,2.01,1258.9
sum_sum_d6a05dc5c646,211.9,106.0,2.0,402.7
mean_f362a8f86f2e,30.4,15.3,1.99,58.2
pointwise_a089fe99095f,13.2,6.6,1.99,25.2
pointwise_b0c74cbb35c4,25.2,12.7,1.99,48.2
sum_eb86a17deab9,13.2,6.6,1.99,25.2
var_mean_525fd66a1241,48.7,24.5,1.99,93.1
pointwise_a863783aadbf,13.1,6.6,1.97,25.2
var_mean_83a48287f334,320.6,162.7,1.97,618.2
var_mean_24db25e30504,9.8,5.0,1.96,19.0
pointwise_7fe0a1e563a5,19.3,9.9,1.95,37.7
pointwise_a324133c5873,8.1,4.1,1.95,15.7
sum_sum_09a845b95efe,17.2,8.8,1.95,33.6
sum_sum_sum_eb29178ac0d2,284.6,147.0,1.94,558.8
pointwise_5ae8759ec547,298.8,154.9,1.93,588.5
pointwise_3229f6e30711,76.5,39.8,1.92,151.4
pointwise_caf63484ca0a,9.5,5.0,1.92,18.9
sum_sum_2a2b5ec72fea,942.0,489.7,1.92,1860.7
pointwise_8389b1fec310,135.0,70.7,1.91,268.7
sum_sum_sum_cd459367a1c3,228.4,119.4,1.91,453.6
var_mean_4f2b9b838832,67.6,35.3,1.91,134.2
mean_345e85b88ce8,16.4,8.6,1.9,32.8
pointwise_7e1a654d52d5,9.1,4.8,1.9,18.1
pointwise_c3360ba4828a,199.4,104.9,1.9,398.7
sum_sum_sum_9d05c4d37c77,563.1,295.8,1.9,1123.9
var_mean_4f85d2df9fc7,7.8,4.1,1.89,15.8
var_mean_mean_2fedd7a79265,48.9,25.9,1.89,98.3
amax_sum_230cc68d5501,199.4,106.0,1.88,402.7
pointwise_5502d55ec49d,9.0,4.8,1.88,18.1
var_mean_2e61b19a52bc,7.8,4.1,1.88,15.7
var_mean_4a0c3a2ad6fb,46.0,24.5,1.88,93.1
sum_mean_be3cca3d51c6,63.1,33.8,1.87,128.5
var_mean_7af9076c19a1,19.0,10.2,1.87,38.8
pointwise_6a479e2e07d2,73.8,39.7,1.86,151.0
var_mean_0bb837cbf30a,61.5,33.1,1.86,125.8
var_mean_mean_60c37a09d40e,48.2,25.9,1.86,98.3
sum_mean_273a847a963c,62.4,33.8,1.85,128.5
var_mean_mean_c8322953c7ea,50.9,27.6,1.85,104.9
pointwise_dca18e3e98e9,8.1,4.4,1.84,16.8
var_mean_52ba5f6bf2a0,13.0,7.1,1.84,26.9
pointwise_10ac7858cbe9,9.1,5.0,1.83,18.9
pointwise_b55a3e33e658,8.9,4.9,1.83,18.4
pointwise_d89eb45ec337,61.4,33.6,1.83,127.8
var_mean_cad253ba584f,23.2,12.7,1.83,48.2
var_mean_e7e57aea37e1,8.1,4.4,1.83,16.8
amax_sum_any_64da678446f9,192.8,106.0,1.82,402.7
pointwise_aa194b04264a,79.8,43.9,1.82,166.9
pointwise_d011ea1daf34,9.1,5.0,1.82,18.9
pointwise_4f6d85385d17,85.0,47.0,1.81,178.7
sum_sum_sum_83ddb84cc830,192.4,106.1,1.81,403.2
var_mean_var_mean_ca75e017814e,84.9,47.0,1.81,178.7
sum_43bbf21a2e59,12.0,6.6,1.8,25.2
var_mean_9d062f8786e2,8.9,5.0,1.8,18.9
var_mean_var_mean_8c8eb33a711a,27.4,15.2,1.8,57.9
amax_sum_0f87f6568d0f,190.4,106.5,1.79,404.8
mean_var_mean_cf650837b7b1,15.3,8.5,1.79,32.4
pointwise_e5a8078b814d,415.5,232.3,1.79,882.7
sum_66b92a2b30bb,17.3,9.7,1.79,36.9
mean_var_mean_3c4ea6d8f342,15.2,8.5,1.78,32.4
mean_var_mean_c9089e261699,15.2,8.5,1.78,32.4
var_mean_092e6409d231,18.2,10.2,1.78,38.8
sum_13195092a57b,17.2,9.7,1.77,36.9
mean_b11cd183fe38,7.8,4.4,1.76,16.8
pointwise_3dfec9b36ffd,7.8,4.4,1.76,16.8
pointwise_ce864c7b68b3,9.0,5.1,1.76,19.4
var_mean_792162dbb8a3,71.4,40.7,1.76,154.5
var_mean_e8133a6f0de6,71.5,40.7,1.76,154.5
pointwise_438e6bf82c6e,16.2,9.3,1.75,35.3
pointwise_c83a7895e053,8.9,5.1,1.75,19.3
var_mean_549fdfa09721,17.4,9.9,1.75,37.8
var_mean_mean_935376ba22dc,26.8,15.3,1.75,58.2
pointwise_7be7ad674239,7.8,4.5,1.74,17.0
var_mean_3c8a0f3690b9,71.3,40.9,1.74,155.5
var_mean_eebe86d9365d,71.3,40.9,1.74,155.5
var_mean_var_mean_7eb8a9047c3e,188.2,108.2,1.74,411.0
amax_sum_any_e20fbe84102b,244.6,141.3,1.73,536.9
amax_sum_f5253e4f250e,382.8,220.8,1.73,838.9
pointwise_69250a3ef9ac,183.1,106.0,1.73,402.7
pointwise_e947949b6a0b,61.2,35.3,1.73,134.2
var_mean_d06ef4a692a2,34.5,19.9,1.73,75.5
var_mean_var_mean_0795d88a1e39,187.3,108.2,1.73,411.0
amax_sum_557afc9e24ea,258.0,150.1,1.72,570.4
amax_sum_any_5686b4ede363,364.2,211.9,1.72,805.3
pointwise_77f01240c31d,40.4,23.5,1.72,89.4
sum_9ba8ffa3e0fb,1146.5,666.4,1.72,2532.5
sum_sum_bc46e8b5be67,16.2,9.4,1.72,35.7
pointwise_ff13db5dc626,77.5,45.4,1.71,172.4
mean_53257b9cde07,31.9,18.8,1.7,71.4
pointwise_3698b0e606e1,11.3,6.6,1.7,25.2
var_mean_b7b154e2f8c6,8.4,5.0,1.7,18.9
mean_var_mean_9d590f58ecc9,14.3,8.5,1.68,32.4
pointwise_2dd5675274fb,69.1,41.1,1.68,156.3
pointwise_355c2d00df8b,22.2,13.2,1.68,50.3
pointwise_e5772e195244,11.2,6.7,1.68,25.3
var_mean_var_mean_var_mean_5d12643e9b78,100.2,59.8,1.68,227.3
mean_b1d8f8a4704b,25.5,15.3,1.67,58.2
pointwise_1b2baa94d41f,9.1,5.5,1.65,21.0
pointwise_106406131986,15.9,9.7,1.64,36.9
pointwise_7f55bac8afd0,1083.3,661.7,1.64,2514.3
mean_00c6f66d2b16,14.0,8.6,1.63,32.8
sum_sum_a3da3e05e5db,703.3,432.7,1.63,1644.2
sum_sum_067195d29ca4,274.3,169.3,1.62,643.3
pointwise_0a306c604828,74.5,46.6,1.6,177.2
pointwise_1f7516b9892a,370.2,232.3,1.59,882.8
pointwise_9d609b482adf,83.6,52.5,1.59,199.7
pointwise_e0eff9609cf0,20.2,12.7,1.59,48.2
sum_sum_ceb449ea29e4,457.6,287.5,1.59,1092.6
sum_sum_sum_04ab10ca59ee,460.7,290.6,1.59,1104.2
mean_42b19743bdd2,24.2,15.3,1.58,58.2
sum_sum_sum_508eb468b8d9,161.8,102.3,1.58,388.6
var_mean_7fd0d03bbf2d,7.8,5.0,1.58,18.9
var_mean_mean_6b0bb4b36636,24.3,15.3,1.58,58.2
var_mean_var_mean_de5c360021d3,48.1,30.4,1.58,115.6
sum_2821c003f795,17.3,11.0,1.57,42.0
sum_c836f36190be,251.9,160.6,1.57,610.3
pointwise_352e97c8de09,11.2,7.2,1.55,27.4
pointwise_8be04df3df80,78.7,50.7,1.55,192.7
var_mean_65e90900fd65,10.2,6.6,1.55,25.2
mean_var_d333e54cfcb6,61.1,39.7,1.54,151.0
pointwise_0cfac231e64e,17.2,11.2,1.54,42.5
var_mean_b31c33bdc684,40.8,26.5,1.54,100.7
var_mean_bf7164921ad8,40.9,26.5,1.54,100.7
pointwise_27183a793fcd,38.3,25.0,1.53,95.2
pointwise_f6d6f135f57e,50.8,33.1,1.53,125.8
pointwise_fce51fb12af0,7.8,5.1,1.53,19.3
var_mean_867f4204961b,15.6,10.2,1.53,38.9
mean_289ef979584b,23.5,15.5,1.52,59.0
mean_b440f707e405,20.1,13.2,1.52,50.3
sum_sum_e776df017e4a,246.8,162.3,1.52,616.6
var_mean_5e94b32b5fac,61.2,40.6,1.51,154.2
sum_sum_sum_8d668b8fcd9e,639.0,425.6,1.5,1617.2
